{"cameraMode":{"drawMode":0,"name":"Shaded","section":"Shading Mode"},"sceneLighting":false,"audioPlay":false,"sceneViewState":{"showFog":true,"showMaterialUpdate":false,"showSkybox":true,"showFlares":true,"showImageEffects":true,"showParticleSystems":true},"in2DMode":false,"pivot":{"x":11.87792682647705,"y":6.235908508300781,"z":-7.287322998046875},"rotation":{"x":0.2552734911441803,"y":-0.16150729358196259,"z":0.04329463839530945,"w":0.9523006081581116},"size":21.734384536743165,"orthographic":false}