{"cameraMode":{"drawMode":0,"name":"Shaded","section":"Shading Mode"},"sceneLighting":false,"audioPlay":false,"sceneViewState":{"showFog":true,"showMaterialUpdate":false,"showSkybox":true,"showFlares":true,"showImageEffects":true,"showParticleSystems":true},"in2DMode":false,"pivot":{"x":-1995.578369140625,"y":-0.9602541923522949,"z":3.7215425968170168},"rotation":{"x":-0.2578752934932709,"y":-0.4250904619693756,"z":0.1277337670326233,"w":-0.8581856489181519},"size":9.016215324401856,"orthographic":false}