{"cameraMode":{"drawMode":0,"name":"Shaded","section":"Shading Mode"},"sceneLighting":false,"audioPlay":false,"sceneViewState":{"showFog":true,"showMaterialUpdate":false,"showSkybox":false,"showFlares":true,"showImageEffects":true,"showParticleSystems":true},"in2DMode":false,"pivot":{"x":-2.6459999084472658,"y":2.4030001163482668,"z":0.0},"rotation":{"x":-0.10876584053039551,"y":-0.8443333506584168,"z":0.18739460408687592,"w":-0.49005556106567385},"size":0.2857882082462311,"orthographic":false}